id_mail-x@dammuy.com,山田
id_mail-y@dammuy.com,佐藤
id_mail-z@dammuy.com,中島
id_mail-1@dammuy.com,氏名１
id_mail-2@dammuy.com,氏名２
id_mail-3@dammuy.com,氏名３
id_mail-4@dammuy.com,氏名４
id_mail-5@dammuy.com,氏名５
id_mail-6@dammuy.com,氏名６
id_mail-7@dammuy.com,氏名７
id_mail-8@dammuy.com,氏名８
id_mail-9@dammuy.com,氏名９
id_mail-10@dammuy.com,氏名１０
"test_user_01@mail.a.server",てすとゆーざ１Ａ
test_user_02@mail.b.server,"てすとゆーざ２"
test_user_03@mail.c.server,てすとゆーざ３
test_user_04@mail.d.server,てすとゆーざ４
test_user_05@mail.e.server,てすとゆーざ５
test_user_06@mail.x.server,てすとゆーざ６
test_user_07@mail.x.server,てすとゆーざ７
test_user_08@mail.x.server,てすとゆーざ８
test_user_09@mail.x.server,てすとゆーざ９
"test_user_10@mail.x.server",てすとゆーざ１０
"test_user_11@mail.x.server  ",てすとゆーざ１１
test_user_12@mail.x.server,"  てすとゆーざ１２"
test_user_13@mail.x.server,"てすとゆーざ１３"
test_user_14@mail.x.server,てすとゆーざ１４
test_user_15@mail.x.server,てすとゆーざ１５
test_user_16@mail.x.server,てすとゆーざ１６
test_user_17@mail.x.server,てすとゆーざ１７
test_user_18@mail.x.server,てすとゆーざ１８
test_user_19@mail.x.server,てすとゆーざ１９
test_user_20@mail.x.server,てすとゆーざ２０
test_user_21@mail.x.server,てすとゆーざ２１
test_user_22@mail.x.server,てすとゆーざ２２
test_user_23@mail.x.server,てすとゆーざ２３
test_user_24@mail.x.server,てすとゆーざ２４
test_user_25@mail.x.server,てすとゆーざ２５
test_user_26@mail.x.server,てすとゆーざ２６
test_user_27@mail.x.server,てすとゆーざ２７
test_user_28@mail.x.server,てすとゆーざ２８
test_user_29@mail.x.server,てすとゆーざ２９
test_user_30@mail.x.server,てすとゆーざ３０
test_user_31@mail.x.server,てすとゆーざ３１
test_user_32@mail.x.server,てすとゆーざ３２
test_user_33@mail.x.server,てすとゆーざ３３
test_user_34@mail.x.server,てすとゆーざ３４
test_user_35@mail.x.server,てすとゆーざ３５
test_user_36@mail.x.server,てすとゆーざ３６
test_user_37@mail.x.server,てすとゆーざ３７
test_user_38@mail.x.server,てすとゆーざ３８
test_user_39@mail.x.server,てすとゆーざ３９
test_user_40@mail.x.server,てすとゆーざ４０
test_user_41@mail.x.server,てすとゆーざ４１
test_user_42@mail.x.server,てすとゆーざ４２
test_user_43@mail.x.server,てすとゆーざ４３
test_user_44@mail.x.server,てすとゆーざ４４
test_user_45@mail.x.server,てすとゆーざ４５
test_user_46@mail.x.server,てすとゆーざ４６
test_user_47@mail.x.server,てすとゆーざ４７
test_user_48@mail.x.server,てすとゆーざ４８
test_user_49@mail.x.server,てすとゆーざ４９
test_user_50@mail.x.server,てすとゆーざ５０
test_user_51@mail.x.server,てすとゆーざ５１
test_user_52@mail.x.server,てすとゆーざ５２
test_user_53@mail.x.server,てすとゆーざ５３
test_user_54@mail.x.server,てすとゆーざ５４
test_user_55@mail.x.server,てすとゆーざ５５
test_user_56@mail.x.server,てすとゆーざ５６
test_user_57@mail.x.server,てすとゆーざ５７
test_user_58@mail.x.server,てすとゆーざ５８
test_user_59@mail.x.server,てすとゆーざ５９
test_user_60@mail.x.server,てすとゆーざ６０
test_user_61@mail.x.server,てすとゆーざ６１
test_user_62@mail.x.server,てすとゆーざ６２
test_user_63@mail.x.server,てすとゆーざ６３
test_user_64@mail.x.server,てすとゆーざ６４
test_user_65@mail.x.server,てすとゆーざ６５
test_user_66@mail.x.server,てすとゆーざ６６
test_user_67@mail.x.server,てすとゆーざ６７
test_user_68@mail.x.server,てすとゆーざ６８
test_user_69@mail.x.server,てすとゆーざ６９
test_user_70@mail.x.server,てすとゆーざ７０
test_user_71@mail.x.server,てすとゆーざ７１
test_user_72@mail.x.server,てすとゆーざ７２
test_user_73@mail.x.server,てすとゆーざ７３
test_user_74@mail.x.server,てすとゆーざ７４
test_user_75@mail.x.server,てすとゆーざ７５
test_user_76@mail.x.server,てすとゆーざ７６
test_user_77@mail.x.server,てすとゆーざ７７
test_user_78@mail.x.server,てすとゆーざ７８
test_user_79@mail.x.server,てすとゆーざ７９
test_user_80@mail.x.server,てすとゆーざ８０
test_user_81@mail.x.server,てすとゆーざ８１
test_user_82@mail.x.server,てすとゆーざ８２
test_user_83@mail.x.server,てすとゆーざ８３
test_user_84@mail.x.server,てすとゆーざ８４
test_user_85@mail.x.server,てすとゆーざ８５
test_user_86@mail.x.server,てすとゆーざ８６
test_user_87@mail.x.server,てすとゆーざ８７
test_user_88@mail.x.server,てすとゆーざ８８
test_user_89@mail.x.server,てすとゆーざ８９
test_user_90@mail.x.server,てすとゆーざ９０
test_user_91@mail.x.server,てすとゆーざ９１
test_user_92@mail.x.server,てすとゆーざ９２
test_user_93@mail.x.server,てすとゆーざ９３
test_user_94@mail.x.server,てすとゆーざ９４
test_user_95@mail.x.server,てすとゆーざ９５
test_user_96@mail.x.server,てすとゆーざ９６
test_user_97@mail.x.server,てすとゆーざ９７
test_user_98@mail.x.server,てすとゆーざ９８
test_user_99@mail.x.server,てすとゆーざ９９
test_user_100@mail.x.server,てすとゆーざ１００
test_user_101@mail.x.server,てすとゆーざ１０１
test_user_102@mail.x.server,てすとゆーざ１０２
test_user_103@mail.x.server,てすとゆーざ１０３
test_user_104@mail.x.server,てすとゆーざ１０４
test_user_105@mail.x.server,てすとゆーざ１０５
